,image,image_path,actual_label,predicted_label,confidence
0,7755.jpg,/home/grads/hassledw/StyleCLIP_Defense/CelebA_HQ_facial_identity_dataset/StyleCLIP-FGSM50/102/7755.jpg,0,2,0.040650077164173126
0,8526.jpg,/home/grads/hassledw/StyleCLIP_Defense/CelebA_HQ_facial_identity_dataset/StyleCLIP-FGSM50/102/8526.jpg,0,12,0.04248138889670372
0,9988.jpg,/home/grads/hassledw/StyleCLIP_Defense/CelebA_HQ_facial_identity_dataset/StyleCLIP-FGSM50/102/9988.jpg,0,12,0.05374651774764061
0,4213.jpg,/home/grads/hassledw/StyleCLIP_Defense/CelebA_HQ_facial_identity_dataset/StyleCLIP-FGSM50/103/4213.jpg,1,12,0.047801561653614044
0,554.jpg,/home/grads/hassledw/StyleCLIP_Defense/CelebA_HQ_facial_identity_dataset/StyleCLIP-FGSM50/103/554.jpg,1,2,0.0401771105825901
0,729.jpg,/home/grads/hassledw/StyleCLIP_Defense/CelebA_HQ_facial_identity_dataset/StyleCLIP-FGSM50/103/729.jpg,1,40,0.044733356684446335
0,7395.jpg,/home/grads/hassledw/StyleCLIP_Defense/CelebA_HQ_facial_identity_dataset/StyleCLIP-FGSM50/103/7395.jpg,1,40,0.04626487195491791
0,7044.jpg,/home/grads/hassledw/StyleCLIP_Defense/CelebA_HQ_facial_identity_dataset/StyleCLIP-FGSM50/104/7044.jpg,2,19,0.03554052487015724
0,736.jpg,/home/grads/hassledw/StyleCLIP_Defense/CelebA_HQ_facial_identity_dataset/StyleCLIP-FGSM50/104/736.jpg,2,12,0.0463554784655571
0,887.jpg,/home/grads/hassledw/StyleCLIP_Defense/CelebA_HQ_facial_identity_dataset/StyleCLIP-FGSM50/104/887.jpg,2,2,0.03634786233305931
0,9718.jpg,/home/grads/hassledw/StyleCLIP_Defense/CelebA_HQ_facial_identity_dataset/StyleCLIP-FGSM50/104/9718.jpg,2,40,0.04504737630486488
0,5697.jpg,/home/grads/hassledw/StyleCLIP_Defense/CelebA_HQ_facial_identity_dataset/StyleCLIP-FGSM50/108/5697.jpg,3,40,0.04543709382414818
0,7110.jpg,/home/grads/hassledw/StyleCLIP_Defense/CelebA_HQ_facial_identity_dataset/StyleCLIP-FGSM50/108/7110.jpg,3,2,0.03635295480489731
0,8352.jpg,/home/grads/hassledw/StyleCLIP_Defense/CelebA_HQ_facial_identity_dataset/StyleCLIP-FGSM50/108/8352.jpg,3,40,0.05030114948749542
0,8399.jpg,/home/grads/hassledw/StyleCLIP_Defense/CelebA_HQ_facial_identity_dataset/StyleCLIP-FGSM50/108/8399.jpg,3,12,0.04780503362417221
0,7276.jpg,/home/grads/hassledw/StyleCLIP_Defense/CelebA_HQ_facial_identity_dataset/StyleCLIP-FGSM50/111/7276.jpg,4,12,0.04833672195672989
0,7574.jpg,/home/grads/hassledw/StyleCLIP_Defense/CelebA_HQ_facial_identity_dataset/StyleCLIP-FGSM50/111/7574.jpg,4,40,0.051281701773405075
0,7826.jpg,/home/grads/hassledw/StyleCLIP_Defense/CelebA_HQ_facial_identity_dataset/StyleCLIP-FGSM50/111/7826.jpg,4,12,0.04504958540201187
0,8138.jpg,/home/grads/hassledw/StyleCLIP_Defense/CelebA_HQ_facial_identity_dataset/StyleCLIP-FGSM50/111/8138.jpg,4,40,0.047813769429922104
0,3350.jpg,/home/grads/hassledw/StyleCLIP_Defense/CelebA_HQ_facial_identity_dataset/StyleCLIP-FGSM50/112/3350.jpg,5,6,0.034322384744882584
0,3511.jpg,/home/grads/hassledw/StyleCLIP_Defense/CelebA_HQ_facial_identity_dataset/StyleCLIP-FGSM50/112/3511.jpg,5,12,0.03537615388631821
0,3968.jpg,/home/grads/hassledw/StyleCLIP_Defense/CelebA_HQ_facial_identity_dataset/StyleCLIP-FGSM50/112/3968.jpg,5,12,0.04312391206622124
0,8884.jpg,/home/grads/hassledw/StyleCLIP_Defense/CelebA_HQ_facial_identity_dataset/StyleCLIP-FGSM50/112/8884.jpg,5,12,0.04019597917795181
0,3520.jpg,/home/grads/hassledw/StyleCLIP_Defense/CelebA_HQ_facial_identity_dataset/StyleCLIP-FGSM50/116/3520.jpg,6,2,0.043714601546525955
0,4134.jpg,/home/grads/hassledw/StyleCLIP_Defense/CelebA_HQ_facial_identity_dataset/StyleCLIP-FGSM50/116/4134.jpg,6,12,0.05100836977362633
0,6538.jpg,/home/grads/hassledw/StyleCLIP_Defense/CelebA_HQ_facial_identity_dataset/StyleCLIP-FGSM50/116/6538.jpg,6,40,0.044749192893505096
0,9406.jpg,/home/grads/hassledw/StyleCLIP_Defense/CelebA_HQ_facial_identity_dataset/StyleCLIP-FGSM50/116/9406.jpg,6,6,0.0366046242415905
0,8750.jpg,/home/grads/hassledw/StyleCLIP_Defense/CelebA_HQ_facial_identity_dataset/StyleCLIP-FGSM50/121/8750.jpg,7,2,0.04290659353137016
0,9401.jpg,/home/grads/hassledw/StyleCLIP_Defense/CelebA_HQ_facial_identity_dataset/StyleCLIP-FGSM50/121/9401.jpg,7,40,0.046025410294532776
0,9706.jpg,/home/grads/hassledw/StyleCLIP_Defense/CelebA_HQ_facial_identity_dataset/StyleCLIP-FGSM50/121/9706.jpg,7,40,0.04928319901227951
0,5486.jpg,/home/grads/hassledw/StyleCLIP_Defense/CelebA_HQ_facial_identity_dataset/StyleCLIP-FGSM50/122/5486.jpg,8,40,0.0485244058072567
0,6022.jpg,/home/grads/hassledw/StyleCLIP_Defense/CelebA_HQ_facial_identity_dataset/StyleCLIP-FGSM50/122/6022.jpg,8,40,0.048704594373703
0,6666.jpg,/home/grads/hassledw/StyleCLIP_Defense/CelebA_HQ_facial_identity_dataset/StyleCLIP-FGSM50/122/6666.jpg,8,40,0.04323911666870117
0,3531.jpg,/home/grads/hassledw/StyleCLIP_Defense/CelebA_HQ_facial_identity_dataset/StyleCLIP-FGSM50/124/3531.jpg,9,12,0.046655576676130295
0,4065.jpg,/home/grads/hassledw/StyleCLIP_Defense/CelebA_HQ_facial_identity_dataset/StyleCLIP-FGSM50/124/4065.jpg,9,12,0.041717056185007095
0,5321.jpg,/home/grads/hassledw/StyleCLIP_Defense/CelebA_HQ_facial_identity_dataset/StyleCLIP-FGSM50/124/5321.jpg,9,12,0.04532928392291069
0,761.jpg,/home/grads/hassledw/StyleCLIP_Defense/CelebA_HQ_facial_identity_dataset/StyleCLIP-FGSM50/124/761.jpg,9,12,0.038297250866889954
0,7800.jpg,/home/grads/hassledw/StyleCLIP_Defense/CelebA_HQ_facial_identity_dataset/StyleCLIP-FGSM50/125/7800.jpg,10,12,0.054366204887628555
0,8735.jpg,/home/grads/hassledw/StyleCLIP_Defense/CelebA_HQ_facial_identity_dataset/StyleCLIP-FGSM50/125/8735.jpg,10,40,0.04584803059697151
0,9899.jpg,/home/grads/hassledw/StyleCLIP_Defense/CelebA_HQ_facial_identity_dataset/StyleCLIP-FGSM50/125/9899.jpg,10,12,0.04751899465918541
0,9942.jpg,/home/grads/hassledw/StyleCLIP_Defense/CelebA_HQ_facial_identity_dataset/StyleCLIP-FGSM50/125/9942.jpg,10,2,0.03758146986365318
0,6530.jpg,/home/grads/hassledw/StyleCLIP_Defense/CelebA_HQ_facial_identity_dataset/StyleCLIP-FGSM50/128/6530.jpg,11,40,0.04687626287341118
0,6996.jpg,/home/grads/hassledw/StyleCLIP_Defense/CelebA_HQ_facial_identity_dataset/StyleCLIP-FGSM50/128/6996.jpg,11,40,0.04715484008193016
0,9296.jpg,/home/grads/hassledw/StyleCLIP_Defense/CelebA_HQ_facial_identity_dataset/StyleCLIP-FGSM50/128/9296.jpg,11,40,0.05016050115227699
0,9541.jpg,/home/grads/hassledw/StyleCLIP_Defense/CelebA_HQ_facial_identity_dataset/StyleCLIP-FGSM50/128/9541.jpg,11,40,0.04305778443813324
0,4347.jpg,/home/grads/hassledw/StyleCLIP_Defense/CelebA_HQ_facial_identity_dataset/StyleCLIP-FGSM50/129/4347.jpg,12,12,0.04220529645681381
0,5227.jpg,/home/grads/hassledw/StyleCLIP_Defense/CelebA_HQ_facial_identity_dataset/StyleCLIP-FGSM50/129/5227.jpg,12,40,0.04415086284279823
0,6427.jpg,/home/grads/hassledw/StyleCLIP_Defense/CelebA_HQ_facial_identity_dataset/StyleCLIP-FGSM50/129/6427.jpg,12,12,0.042889468371868134
0,992.jpg,/home/grads/hassledw/StyleCLIP_Defense/CelebA_HQ_facial_identity_dataset/StyleCLIP-FGSM50/129/992.jpg,12,40,0.0458102822303772
0,4816.jpg,/home/grads/hassledw/StyleCLIP_Defense/CelebA_HQ_facial_identity_dataset/StyleCLIP-FGSM50/14/4816.jpg,13,2,0.03918645158410072
0,674.jpg,/home/grads/hassledw/StyleCLIP_Defense/CelebA_HQ_facial_identity_dataset/StyleCLIP-FGSM50/14/674.jpg,13,2,0.03804871067404747
0,687.jpg,/home/grads/hassledw/StyleCLIP_Defense/CelebA_HQ_facial_identity_dataset/StyleCLIP-FGSM50/14/687.jpg,13,2,0.035977184772491455
0,8457.jpg,/home/grads/hassledw/StyleCLIP_Defense/CelebA_HQ_facial_identity_dataset/StyleCLIP-FGSM50/14/8457.jpg,13,12,0.04669120907783508
0,4049.jpg,/home/grads/hassledw/StyleCLIP_Defense/CelebA_HQ_facial_identity_dataset/StyleCLIP-FGSM50/143/4049.jpg,14,2,0.04143746569752693
0,4247.jpg,/home/grads/hassledw/StyleCLIP_Defense/CelebA_HQ_facial_identity_dataset/StyleCLIP-FGSM50/143/4247.jpg,14,40,0.04431019723415375
0,4430.jpg,/home/grads/hassledw/StyleCLIP_Defense/CelebA_HQ_facial_identity_dataset/StyleCLIP-FGSM50/143/4430.jpg,14,40,0.049742504954338074
0,4768.jpg,/home/grads/hassledw/StyleCLIP_Defense/CelebA_HQ_facial_identity_dataset/StyleCLIP-FGSM50/143/4768.jpg,14,40,0.0468515083193779
0,3938.jpg,/home/grads/hassledw/StyleCLIP_Defense/CelebA_HQ_facial_identity_dataset/StyleCLIP-FGSM50/146/3938.jpg,15,40,0.05260033160448074
0,4479.jpg,/home/grads/hassledw/StyleCLIP_Defense/CelebA_HQ_facial_identity_dataset/StyleCLIP-FGSM50/146/4479.jpg,15,2,0.043043747544288635
0,5239.jpg,/home/grads/hassledw/StyleCLIP_Defense/CelebA_HQ_facial_identity_dataset/StyleCLIP-FGSM50/146/5239.jpg,15,12,0.04481001943349838
0,7516.jpg,/home/grads/hassledw/StyleCLIP_Defense/CelebA_HQ_facial_identity_dataset/StyleCLIP-FGSM50/146/7516.jpg,15,12,0.03582301363348961
0,9803.jpg,/home/grads/hassledw/StyleCLIP_Defense/CelebA_HQ_facial_identity_dataset/StyleCLIP-FGSM50/146/9803.jpg,15,40,0.04732007905840874
0,29212.jpg,/home/grads/hassledw/StyleCLIP_Defense/CelebA_HQ_facial_identity_dataset/StyleCLIP-FGSM50/158/29212.jpg,16,12,0.04470132663846016
0,7447.jpg,/home/grads/hassledw/StyleCLIP_Defense/CelebA_HQ_facial_identity_dataset/StyleCLIP-FGSM50/158/7447.jpg,16,40,0.050977326929569244
0,8796.jpg,/home/grads/hassledw/StyleCLIP_Defense/CelebA_HQ_facial_identity_dataset/StyleCLIP-FGSM50/158/8796.jpg,16,40,0.04490102455019951
0,9801.jpg,/home/grads/hassledw/StyleCLIP_Defense/CelebA_HQ_facial_identity_dataset/StyleCLIP-FGSM50/158/9801.jpg,16,40,0.05583047494292259
0,3980.jpg,/home/grads/hassledw/StyleCLIP_Defense/CelebA_HQ_facial_identity_dataset/StyleCLIP-FGSM50/161/3980.jpg,17,12,0.036596715450286865
0,4406.jpg,/home/grads/hassledw/StyleCLIP_Defense/CelebA_HQ_facial_identity_dataset/StyleCLIP-FGSM50/161/4406.jpg,17,2,0.037979207932949066
0,4914.jpg,/home/grads/hassledw/StyleCLIP_Defense/CelebA_HQ_facial_identity_dataset/StyleCLIP-FGSM50/161/4914.jpg,17,12,0.042484454810619354
0,5154.jpg,/home/grads/hassledw/StyleCLIP_Defense/CelebA_HQ_facial_identity_dataset/StyleCLIP-FGSM50/161/5154.jpg,17,12,0.043664656579494476
0,7301.jpg,/home/grads/hassledw/StyleCLIP_Defense/CelebA_HQ_facial_identity_dataset/StyleCLIP-FGSM50/161/7301.jpg,17,40,0.04981520399451256
0,7435.jpg,/home/grads/hassledw/StyleCLIP_Defense/CelebA_HQ_facial_identity_dataset/StyleCLIP-FGSM50/161/7435.jpg,17,40,0.0446261465549469
0,737.jpg,/home/grads/hassledw/StyleCLIP_Defense/CelebA_HQ_facial_identity_dataset/StyleCLIP-FGSM50/162/737.jpg,18,12,0.04889732226729393
0,7528.jpg,/home/grads/hassledw/StyleCLIP_Defense/CelebA_HQ_facial_identity_dataset/StyleCLIP-FGSM50/162/7528.jpg,18,40,0.045209404081106186
0,9081.jpg,/home/grads/hassledw/StyleCLIP_Defense/CelebA_HQ_facial_identity_dataset/StyleCLIP-FGSM50/162/9081.jpg,18,12,0.04979310557246208
0,9399.jpg,/home/grads/hassledw/StyleCLIP_Defense/CelebA_HQ_facial_identity_dataset/StyleCLIP-FGSM50/162/9399.jpg,18,12,0.04449618235230446
0,8578.jpg,/home/grads/hassledw/StyleCLIP_Defense/CelebA_HQ_facial_identity_dataset/StyleCLIP-FGSM50/17/8578.jpg,19,40,0.04428485408425331
0,9209.jpg,/home/grads/hassledw/StyleCLIP_Defense/CelebA_HQ_facial_identity_dataset/StyleCLIP-FGSM50/17/9209.jpg,19,40,0.056533265858888626
0,9390.jpg,/home/grads/hassledw/StyleCLIP_Defense/CelebA_HQ_facial_identity_dataset/StyleCLIP-FGSM50/17/9390.jpg,19,40,0.04442466050386429
0,550.jpg,/home/grads/hassledw/StyleCLIP_Defense/CelebA_HQ_facial_identity_dataset/StyleCLIP-FGSM50/175/550.jpg,20,40,0.05146397277712822
0,6288.jpg,/home/grads/hassledw/StyleCLIP_Defense/CelebA_HQ_facial_identity_dataset/StyleCLIP-FGSM50/175/6288.jpg,20,40,0.04711497947573662
0,8947.jpg,/home/grads/hassledw/StyleCLIP_Defense/CelebA_HQ_facial_identity_dataset/StyleCLIP-FGSM50/175/8947.jpg,20,12,0.038343414664268494
0,919.jpg,/home/grads/hassledw/StyleCLIP_Defense/CelebA_HQ_facial_identity_dataset/StyleCLIP-FGSM50/175/919.jpg,20,12,0.03616035729646683
0,8707.jpg,/home/grads/hassledw/StyleCLIP_Defense/CelebA_HQ_facial_identity_dataset/StyleCLIP-FGSM50/177/8707.jpg,21,40,0.04653581604361534
0,8784.jpg,/home/grads/hassledw/StyleCLIP_Defense/CelebA_HQ_facial_identity_dataset/StyleCLIP-FGSM50/177/8784.jpg,21,2,0.043665360659360886
0,8902.jpg,/home/grads/hassledw/StyleCLIP_Defense/CelebA_HQ_facial_identity_dataset/StyleCLIP-FGSM50/177/8902.jpg,21,12,0.040061015635728836
0,9193.jpg,/home/grads/hassledw/StyleCLIP_Defense/CelebA_HQ_facial_identity_dataset/StyleCLIP-FGSM50/177/9193.jpg,21,40,0.048655908554792404
0,4342.jpg,/home/grads/hassledw/StyleCLIP_Defense/CelebA_HQ_facial_identity_dataset/StyleCLIP-FGSM50/179/4342.jpg,22,40,0.048842597752809525
0,5644.jpg,/home/grads/hassledw/StyleCLIP_Defense/CelebA_HQ_facial_identity_dataset/StyleCLIP-FGSM50/179/5644.jpg,22,12,0.05014844611287117
0,9697.jpg,/home/grads/hassledw/StyleCLIP_Defense/CelebA_HQ_facial_identity_dataset/StyleCLIP-FGSM50/179/9697.jpg,22,2,0.040602799504995346
0,9975.jpg,/home/grads/hassledw/StyleCLIP_Defense/CelebA_HQ_facial_identity_dataset/StyleCLIP-FGSM50/179/9975.jpg,22,12,0.04399384558200836
0,7641.jpg,/home/grads/hassledw/StyleCLIP_Defense/CelebA_HQ_facial_identity_dataset/StyleCLIP-FGSM50/180/7641.jpg,23,12,0.04846848174929619
0,8453.jpg,/home/grads/hassledw/StyleCLIP_Defense/CelebA_HQ_facial_identity_dataset/StyleCLIP-FGSM50/180/8453.jpg,23,12,0.05030595883727074
0,8769.jpg,/home/grads/hassledw/StyleCLIP_Defense/CelebA_HQ_facial_identity_dataset/StyleCLIP-FGSM50/180/8769.jpg,23,40,0.04154606908559799
0,8800.jpg,/home/grads/hassledw/StyleCLIP_Defense/CelebA_HQ_facial_identity_dataset/StyleCLIP-FGSM50/180/8800.jpg,23,12,0.04802345484495163
0,5423.jpg,/home/grads/hassledw/StyleCLIP_Defense/CelebA_HQ_facial_identity_dataset/StyleCLIP-FGSM50/181/5423.jpg,24,40,0.05105922743678093
0,7892.jpg,/home/grads/hassledw/StyleCLIP_Defense/CelebA_HQ_facial_identity_dataset/StyleCLIP-FGSM50/181/7892.jpg,24,40,0.04166138172149658
0,819.jpg,/home/grads/hassledw/StyleCLIP_Defense/CelebA_HQ_facial_identity_dataset/StyleCLIP-FGSM50/181/819.jpg,24,40,0.048674438148736954
0,9912.jpg,/home/grads/hassledw/StyleCLIP_Defense/CelebA_HQ_facial_identity_dataset/StyleCLIP-FGSM50/181/9912.jpg,24,40,0.05297558009624481
0,7234.jpg,/home/grads/hassledw/StyleCLIP_Defense/CelebA_HQ_facial_identity_dataset/StyleCLIP-FGSM50/182/7234.jpg,25,40,0.047773830592632294
0,8072.jpg,/home/grads/hassledw/StyleCLIP_Defense/CelebA_HQ_facial_identity_dataset/StyleCLIP-FGSM50/182/8072.jpg,25,12,0.04218710958957672
0,9082.jpg,/home/grads/hassledw/StyleCLIP_Defense/CelebA_HQ_facial_identity_dataset/StyleCLIP-FGSM50/182/9082.jpg,25,2,0.03679138422012329
0,9520.jpg,/home/grads/hassledw/StyleCLIP_Defense/CelebA_HQ_facial_identity_dataset/StyleCLIP-FGSM50/182/9520.jpg,25,12,0.042369332164525986
0,6212.jpg,/home/grads/hassledw/StyleCLIP_Defense/CelebA_HQ_facial_identity_dataset/StyleCLIP-FGSM50/183/6212.jpg,26,6,0.035716455429792404
0,6594.jpg,/home/grads/hassledw/StyleCLIP_Defense/CelebA_HQ_facial_identity_dataset/StyleCLIP-FGSM50/183/6594.jpg,26,2,0.039389468729496
0,6845.jpg,/home/grads/hassledw/StyleCLIP_Defense/CelebA_HQ_facial_identity_dataset/StyleCLIP-FGSM50/183/6845.jpg,26,2,0.03830025717616081
0,8528.jpg,/home/grads/hassledw/StyleCLIP_Defense/CelebA_HQ_facial_identity_dataset/StyleCLIP-FGSM50/183/8528.jpg,26,40,0.04402685537934303
0,591.jpg,/home/grads/hassledw/StyleCLIP_Defense/CelebA_HQ_facial_identity_dataset/StyleCLIP-FGSM50/188/591.jpg,27,40,0.05083569139242172
0,6313.jpg,/home/grads/hassledw/StyleCLIP_Defense/CelebA_HQ_facial_identity_dataset/StyleCLIP-FGSM50/188/6313.jpg,27,12,0.04290436580777168
0,6642.jpg,/home/grads/hassledw/StyleCLIP_Defense/CelebA_HQ_facial_identity_dataset/StyleCLIP-FGSM50/188/6642.jpg,27,40,0.04133237898349762
0,778.jpg,/home/grads/hassledw/StyleCLIP_Defense/CelebA_HQ_facial_identity_dataset/StyleCLIP-FGSM50/188/778.jpg,27,19,0.036020342260599136
0,9910.jpg,/home/grads/hassledw/StyleCLIP_Defense/CelebA_HQ_facial_identity_dataset/StyleCLIP-FGSM50/188/9910.jpg,27,40,0.0442039929330349
0,8949.jpg,/home/grads/hassledw/StyleCLIP_Defense/CelebA_HQ_facial_identity_dataset/StyleCLIP-FGSM50/194/8949.jpg,28,12,0.039199527353048325
0,9579.jpg,/home/grads/hassledw/StyleCLIP_Defense/CelebA_HQ_facial_identity_dataset/StyleCLIP-FGSM50/194/9579.jpg,28,40,0.05131343752145767
0,9767.jpg,/home/grads/hassledw/StyleCLIP_Defense/CelebA_HQ_facial_identity_dataset/StyleCLIP-FGSM50/194/9767.jpg,28,40,0.04364462196826935
0,29569.jpg,/home/grads/hassledw/StyleCLIP_Defense/CelebA_HQ_facial_identity_dataset/StyleCLIP-FGSM50/195/29569.jpg,29,12,0.038065552711486816
0,5281.jpg,/home/grads/hassledw/StyleCLIP_Defense/CelebA_HQ_facial_identity_dataset/StyleCLIP-FGSM50/195/5281.jpg,29,12,0.036263320595026016
0,7731.jpg,/home/grads/hassledw/StyleCLIP_Defense/CelebA_HQ_facial_identity_dataset/StyleCLIP-FGSM50/195/7731.jpg,29,40,0.042840033769607544
0,8793.jpg,/home/grads/hassledw/StyleCLIP_Defense/CelebA_HQ_facial_identity_dataset/StyleCLIP-FGSM50/195/8793.jpg,29,6,0.032372552901506424
0,6018.jpg,/home/grads/hassledw/StyleCLIP_Defense/CelebA_HQ_facial_identity_dataset/StyleCLIP-FGSM50/196/6018.jpg,30,12,0.04504428431391716
0,6958.jpg,/home/grads/hassledw/StyleCLIP_Defense/CelebA_HQ_facial_identity_dataset/StyleCLIP-FGSM50/196/6958.jpg,30,40,0.04592997580766678
0,6978.jpg,/home/grads/hassledw/StyleCLIP_Defense/CelebA_HQ_facial_identity_dataset/StyleCLIP-FGSM50/196/6978.jpg,30,12,0.04060749709606171
0,7665.jpg,/home/grads/hassledw/StyleCLIP_Defense/CelebA_HQ_facial_identity_dataset/StyleCLIP-FGSM50/196/7665.jpg,30,40,0.05745470151305199
0,8312.jpg,/home/grads/hassledw/StyleCLIP_Defense/CelebA_HQ_facial_identity_dataset/StyleCLIP-FGSM50/196/8312.jpg,30,12,0.04221968725323677
0,6342.jpg,/home/grads/hassledw/StyleCLIP_Defense/CelebA_HQ_facial_identity_dataset/StyleCLIP-FGSM50/198/6342.jpg,31,40,0.04704269766807556
0,6798.jpg,/home/grads/hassledw/StyleCLIP_Defense/CelebA_HQ_facial_identity_dataset/StyleCLIP-FGSM50/198/6798.jpg,31,40,0.05217799171805382
0,7300.jpg,/home/grads/hassledw/StyleCLIP_Defense/CelebA_HQ_facial_identity_dataset/StyleCLIP-FGSM50/198/7300.jpg,31,40,0.05075962841510773
0,937.jpg,/home/grads/hassledw/StyleCLIP_Defense/CelebA_HQ_facial_identity_dataset/StyleCLIP-FGSM50/198/937.jpg,31,12,0.04425286501646042
0,6054.jpg,/home/grads/hassledw/StyleCLIP_Defense/CelebA_HQ_facial_identity_dataset/StyleCLIP-FGSM50/199/6054.jpg,32,12,0.039583709090948105
0,6544.jpg,/home/grads/hassledw/StyleCLIP_Defense/CelebA_HQ_facial_identity_dataset/StyleCLIP-FGSM50/199/6544.jpg,32,40,0.05305173993110657
0,7780.jpg,/home/grads/hassledw/StyleCLIP_Defense/CelebA_HQ_facial_identity_dataset/StyleCLIP-FGSM50/199/7780.jpg,32,2,0.04416949301958084
0,847.jpg,/home/grads/hassledw/StyleCLIP_Defense/CelebA_HQ_facial_identity_dataset/StyleCLIP-FGSM50/199/847.jpg,32,12,0.04284561052918434
0,470.jpg,/home/grads/hassledw/StyleCLIP_Defense/CelebA_HQ_facial_identity_dataset/StyleCLIP-FGSM50/203/470.jpg,33,2,0.03516528382897377
0,572.jpg,/home/grads/hassledw/StyleCLIP_Defense/CelebA_HQ_facial_identity_dataset/StyleCLIP-FGSM50/203/572.jpg,33,40,0.04179058223962784
0,6271.jpg,/home/grads/hassledw/StyleCLIP_Defense/CelebA_HQ_facial_identity_dataset/StyleCLIP-FGSM50/203/6271.jpg,33,2,0.040680333971977234
0,8666.jpg,/home/grads/hassledw/StyleCLIP_Defense/CelebA_HQ_facial_identity_dataset/StyleCLIP-FGSM50/203/8666.jpg,33,40,0.05294494703412056
0,7120.jpg,/home/grads/hassledw/StyleCLIP_Defense/CelebA_HQ_facial_identity_dataset/StyleCLIP-FGSM50/204/7120.jpg,34,12,0.04445381090044975
0,7255.jpg,/home/grads/hassledw/StyleCLIP_Defense/CelebA_HQ_facial_identity_dataset/StyleCLIP-FGSM50/204/7255.jpg,34,40,0.04755363240838051
0,8739.jpg,/home/grads/hassledw/StyleCLIP_Defense/CelebA_HQ_facial_identity_dataset/StyleCLIP-FGSM50/204/8739.jpg,34,12,0.04181144759058952
0,3332.jpg,/home/grads/hassledw/StyleCLIP_Defense/CelebA_HQ_facial_identity_dataset/StyleCLIP-FGSM50/25/3332.jpg,35,2,0.041558146476745605
0,425.jpg,/home/grads/hassledw/StyleCLIP_Defense/CelebA_HQ_facial_identity_dataset/StyleCLIP-FGSM50/25/425.jpg,35,40,0.04539027065038681
0,6828.jpg,/home/grads/hassledw/StyleCLIP_Defense/CelebA_HQ_facial_identity_dataset/StyleCLIP-FGSM50/25/6828.jpg,35,40,0.04771031066775322
0,9711.jpg,/home/grads/hassledw/StyleCLIP_Defense/CelebA_HQ_facial_identity_dataset/StyleCLIP-FGSM50/25/9711.jpg,35,12,0.041732870042324066
0,4173.jpg,/home/grads/hassledw/StyleCLIP_Defense/CelebA_HQ_facial_identity_dataset/StyleCLIP-FGSM50/26/4173.jpg,36,2,0.04175708070397377
0,627.jpg,/home/grads/hassledw/StyleCLIP_Defense/CelebA_HQ_facial_identity_dataset/StyleCLIP-FGSM50/26/627.jpg,36,12,0.04239547625184059
0,6788.jpg,/home/grads/hassledw/StyleCLIP_Defense/CelebA_HQ_facial_identity_dataset/StyleCLIP-FGSM50/26/6788.jpg,36,40,0.04994569718837738
0,76.jpg,/home/grads/hassledw/StyleCLIP_Defense/CelebA_HQ_facial_identity_dataset/StyleCLIP-FGSM50/26/76.jpg,36,2,0.03455331176519394
0,7055.jpg,/home/grads/hassledw/StyleCLIP_Defense/CelebA_HQ_facial_identity_dataset/StyleCLIP-FGSM50/34/7055.jpg,37,2,0.037400372326374054
0,7313.jpg,/home/grads/hassledw/StyleCLIP_Defense/CelebA_HQ_facial_identity_dataset/StyleCLIP-FGSM50/34/7313.jpg,37,2,0.036669351160526276
0,898.jpg,/home/grads/hassledw/StyleCLIP_Defense/CelebA_HQ_facial_identity_dataset/StyleCLIP-FGSM50/34/898.jpg,37,6,0.033315133303403854
0,952.jpg,/home/grads/hassledw/StyleCLIP_Defense/CelebA_HQ_facial_identity_dataset/StyleCLIP-FGSM50/34/952.jpg,37,12,0.042548228055238724
0,9769.jpg,/home/grads/hassledw/StyleCLIP_Defense/CelebA_HQ_facial_identity_dataset/StyleCLIP-FGSM50/34/9769.jpg,37,12,0.037144165486097336
0,705.jpg,/home/grads/hassledw/StyleCLIP_Defense/CelebA_HQ_facial_identity_dataset/StyleCLIP-FGSM50/44/705.jpg,38,12,0.04364297538995743
0,7128.jpg,/home/grads/hassledw/StyleCLIP_Defense/CelebA_HQ_facial_identity_dataset/StyleCLIP-FGSM50/44/7128.jpg,38,12,0.04816017672419548
0,7388.jpg,/home/grads/hassledw/StyleCLIP_Defense/CelebA_HQ_facial_identity_dataset/StyleCLIP-FGSM50/44/7388.jpg,38,12,0.04317667707800865
0,8625.jpg,/home/grads/hassledw/StyleCLIP_Defense/CelebA_HQ_facial_identity_dataset/StyleCLIP-FGSM50/44/8625.jpg,38,12,0.047368064522743225
0,682.jpg,/home/grads/hassledw/StyleCLIP_Defense/CelebA_HQ_facial_identity_dataset/StyleCLIP-FGSM50/45/682.jpg,39,40,0.04333607852458954
0,7705.jpg,/home/grads/hassledw/StyleCLIP_Defense/CelebA_HQ_facial_identity_dataset/StyleCLIP-FGSM50/45/7705.jpg,39,12,0.041950080543756485
0,8398.jpg,/home/grads/hassledw/StyleCLIP_Defense/CelebA_HQ_facial_identity_dataset/StyleCLIP-FGSM50/45/8398.jpg,39,40,0.04600824415683746
0,9523.jpg,/home/grads/hassledw/StyleCLIP_Defense/CelebA_HQ_facial_identity_dataset/StyleCLIP-FGSM50/45/9523.jpg,39,12,0.03686989098787308
0,49.jpg,/home/grads/hassledw/StyleCLIP_Defense/CelebA_HQ_facial_identity_dataset/StyleCLIP-FGSM50/47/49.jpg,40,2,0.038527712225914
0,4922.jpg,/home/grads/hassledw/StyleCLIP_Defense/CelebA_HQ_facial_identity_dataset/StyleCLIP-FGSM50/47/4922.jpg,40,12,0.04496874660253525
0,677.jpg,/home/grads/hassledw/StyleCLIP_Defense/CelebA_HQ_facial_identity_dataset/StyleCLIP-FGSM50/47/677.jpg,40,12,0.04651867598295212
0,51.jpg,/home/grads/hassledw/StyleCLIP_Defense/CelebA_HQ_facial_identity_dataset/StyleCLIP-FGSM50/49/51.jpg,41,40,0.048388924449682236
0,6011.jpg,/home/grads/hassledw/StyleCLIP_Defense/CelebA_HQ_facial_identity_dataset/StyleCLIP-FGSM50/49/6011.jpg,41,40,0.04931558668613434
0,6058.jpg,/home/grads/hassledw/StyleCLIP_Defense/CelebA_HQ_facial_identity_dataset/StyleCLIP-FGSM50/49/6058.jpg,41,2,0.03809502720832825
0,822.jpg,/home/grads/hassledw/StyleCLIP_Defense/CelebA_HQ_facial_identity_dataset/StyleCLIP-FGSM50/5/822.jpg,42,12,0.042430393397808075
0,8222.jpg,/home/grads/hassledw/StyleCLIP_Defense/CelebA_HQ_facial_identity_dataset/StyleCLIP-FGSM50/5/8222.jpg,42,12,0.04123687744140625
0,91.jpg,/home/grads/hassledw/StyleCLIP_Defense/CelebA_HQ_facial_identity_dataset/StyleCLIP-FGSM50/5/91.jpg,42,12,0.04470280930399895
0,9770.jpg,/home/grads/hassledw/StyleCLIP_Defense/CelebA_HQ_facial_identity_dataset/StyleCLIP-FGSM50/5/9770.jpg,42,40,0.04593458026647568
0,9787.jpg,/home/grads/hassledw/StyleCLIP_Defense/CelebA_HQ_facial_identity_dataset/StyleCLIP-FGSM50/5/9787.jpg,42,12,0.04664821922779083
0,67.jpg,/home/grads/hassledw/StyleCLIP_Defense/CelebA_HQ_facial_identity_dataset/StyleCLIP-FGSM50/63/67.jpg,43,40,0.04355698078870773
0,735.jpg,/home/grads/hassledw/StyleCLIP_Defense/CelebA_HQ_facial_identity_dataset/StyleCLIP-FGSM50/63/735.jpg,43,12,0.03603283688426018
0,8263.jpg,/home/grads/hassledw/StyleCLIP_Defense/CelebA_HQ_facial_identity_dataset/StyleCLIP-FGSM50/63/8263.jpg,43,40,0.04201643168926239
0,8293.jpg,/home/grads/hassledw/StyleCLIP_Defense/CelebA_HQ_facial_identity_dataset/StyleCLIP-FGSM50/63/8293.jpg,43,2,0.03757039085030556
0,637.jpg,/home/grads/hassledw/StyleCLIP_Defense/CelebA_HQ_facial_identity_dataset/StyleCLIP-FGSM50/65/637.jpg,44,12,0.04611477628350258
0,69.jpg,/home/grads/hassledw/StyleCLIP_Defense/CelebA_HQ_facial_identity_dataset/StyleCLIP-FGSM50/65/69.jpg,44,40,0.04641352966427803
0,7306.jpg,/home/grads/hassledw/StyleCLIP_Defense/CelebA_HQ_facial_identity_dataset/StyleCLIP-FGSM50/65/7306.jpg,44,40,0.04511909559369087
0,9022.jpg,/home/grads/hassledw/StyleCLIP_Defense/CelebA_HQ_facial_identity_dataset/StyleCLIP-FGSM50/65/9022.jpg,44,40,0.04632434993982315
0,9806.jpg,/home/grads/hassledw/StyleCLIP_Defense/CelebA_HQ_facial_identity_dataset/StyleCLIP-FGSM50/65/9806.jpg,44,2,0.04039482772350311
0,71.jpg,/home/grads/hassledw/StyleCLIP_Defense/CelebA_HQ_facial_identity_dataset/StyleCLIP-FGSM50/67/71.jpg,45,12,0.04275425150990486
0,8664.jpg,/home/grads/hassledw/StyleCLIP_Defense/CelebA_HQ_facial_identity_dataset/StyleCLIP-FGSM50/67/8664.jpg,45,40,0.043231040239334106
0,95.jpg,/home/grads/hassledw/StyleCLIP_Defense/CelebA_HQ_facial_identity_dataset/StyleCLIP-FGSM50/67/95.jpg,45,2,0.037700384855270386
0,9974.jpg,/home/grads/hassledw/StyleCLIP_Defense/CelebA_HQ_facial_identity_dataset/StyleCLIP-FGSM50/67/9974.jpg,45,40,0.04924642667174339
0,474.jpg,/home/grads/hassledw/StyleCLIP_Defense/CelebA_HQ_facial_identity_dataset/StyleCLIP-FGSM50/77/474.jpg,46,2,0.036702711135149
0,6492.jpg,/home/grads/hassledw/StyleCLIP_Defense/CelebA_HQ_facial_identity_dataset/StyleCLIP-FGSM50/77/6492.jpg,46,2,0.03961440175771713
0,83.jpg,/home/grads/hassledw/StyleCLIP_Defense/CelebA_HQ_facial_identity_dataset/StyleCLIP-FGSM50/77/83.jpg,46,40,0.05238604173064232
0,9323.jpg,/home/grads/hassledw/StyleCLIP_Defense/CelebA_HQ_facial_identity_dataset/StyleCLIP-FGSM50/77/9323.jpg,46,40,0.05687747523188591
0,617.jpg,/home/grads/hassledw/StyleCLIP_Defense/CelebA_HQ_facial_identity_dataset/StyleCLIP-FGSM50/80/617.jpg,47,2,0.03650543466210365
0,751.jpg,/home/grads/hassledw/StyleCLIP_Defense/CelebA_HQ_facial_identity_dataset/StyleCLIP-FGSM50/80/751.jpg,47,2,0.03895336389541626
0,87.jpg,/home/grads/hassledw/StyleCLIP_Defense/CelebA_HQ_facial_identity_dataset/StyleCLIP-FGSM50/80/87.jpg,47,2,0.03722018375992775
0,7345.jpg,/home/grads/hassledw/StyleCLIP_Defense/CelebA_HQ_facial_identity_dataset/StyleCLIP-FGSM50/95/7345.jpg,48,40,0.047891248017549515
0,8071.jpg,/home/grads/hassledw/StyleCLIP_Defense/CelebA_HQ_facial_identity_dataset/StyleCLIP-FGSM50/95/8071.jpg,48,40,0.04851650446653366
0,9384.jpg,/home/grads/hassledw/StyleCLIP_Defense/CelebA_HQ_facial_identity_dataset/StyleCLIP-FGSM50/95/9384.jpg,48,12,0.04596390575170517
0,995.jpg,/home/grads/hassledw/StyleCLIP_Defense/CelebA_HQ_facial_identity_dataset/StyleCLIP-FGSM50/95/995.jpg,48,6,0.03652120381593704
0,8020.jpg,/home/grads/hassledw/StyleCLIP_Defense/CelebA_HQ_facial_identity_dataset/StyleCLIP-FGSM50/99/8020.jpg,49,40,0.04549458995461464
0,8211.jpg,/home/grads/hassledw/StyleCLIP_Defense/CelebA_HQ_facial_identity_dataset/StyleCLIP-FGSM50/99/8211.jpg,49,40,0.05523400381207466
0,9310.jpg,/home/grads/hassledw/StyleCLIP_Defense/CelebA_HQ_facial_identity_dataset/StyleCLIP-FGSM50/99/9310.jpg,49,12,0.05219434201717377
0,9929.jpg,/home/grads/hassledw/StyleCLIP_Defense/CelebA_HQ_facial_identity_dataset/StyleCLIP-FGSM50/99/9929.jpg,49,40,0.05079099163413048
